Actual,Predicted
0.1790536972437192,0.3351279913619691
0.2983296978770558,0.3583800489340934
0.3974887735708007,0.3792927566896823
0.2769813321133686,0.3667165385567398
0.2607901177594243,0.3654638911772812
0.2695999062883324,0.3764468340536958
0.3508311780929733,0.4009598563123732
0.3493219287508378,0.4097746444645361
0.3561984201532869,0.41231856744580453
0.3410250598345724,0.4079688689316555
0.4192571732820658,0.4259276898996415
0.3578095630809781,0.4143625416132468
0.3850154668441373,0.4221470875262648
0.3590341830953326,0.41750553752655856
0.427977465150025,0.43234801681878565
0.3730366266330958,0.42142549076574043
0.3762122638417693,0.4219933702471325
0.3706841439471904,0.42063566602955377
0.3563168185560344,0.41601809649183463
0.3719310259327742,0.42147207579699275
0.4196268951793572,0.43262026016464405
0.3813807740939916,0.42723923180103296
0.3796121895314259,0.42701636405458243
0.3986387601537128,0.43271621830148566
0.393585758990093,0.43158263214159587
0.3949388244674625,0.43330409984689444
0.404155695194205,0.43619244345073316
0.4097602846949648,0.4379204335223834
0.3913966166355809,0.4326972348072802
0.4036256767966953,0.4372823910511635
0.4186217377734401,0.44205530805467974
0.4096904951891917,0.44015766986297156
0.428365922112135,0.4453626592958352
0.4452207122596716,0.4497770895672549
0.4076540312724425,0.44009763692929404
0.4270384620581643,0.44531701665039125
0.4061842907888628,0.4404554902858625
0.4202932449097452,0.4442159263157216
0.41029616244227213,0.44188713978852
0.4195075257317797,0.4443267593710255
0.4245569683992558,0.44539365739758074
0.4115639797207601,0.4425494259083462
0.4116684122300975,0.44219816334507706
0.409759078964981,0.4414713622019244
0.4199104976513723,0.44578713388645885
0.4224215953037558,0.4473292792242912
0.4298777715970986,0.4494157165702258
0.4434061114715132,0.4526697378686893
0.4165832173209455,0.44504497453609443
0.423779629466148,0.4483574359286828
0.4290569226108024,0.44981227579975097
0.4282760522677376,0.44973829182437214
0.4340272258401486,0.4521035180343633
0.4416132274853203,0.4539069808725128
0.4248673025929078,0.44934926026178895
0.4269953759431248,0.44989826041406966
0.4321764061330919,0.4517679531191618
0.4373755313714977,0.45394936483001946
0.4361045560487593,0.4531431693366931
0.4389736345895576,0.45356062342745695
0.4500314448146975,0.4577261540648525
0.4286039428054245,0.45115068016895354
0.4295315356083922,0.4515984913915854
0.4402245665036508,0.4552599614152876
0.4514419106880493,0.458347029720617
0.4413385117963985,0.4555510404115712
0.432567236957657,0.453581133440681
0.4294406995844826,0.45232021606490036
0.432592342782356,0.45314129831630945
0.4346650776959239,0.4542611160244676
0.445637242797122,0.4581206793634881
0.4360117480807823,0.45466816837429064
0.4491226177974122,0.4586879922994954
0.4398845259899151,0.45607848834857284
0.4380077994821822,0.4557452300435641
0.4456827729774927,0.4580055318314121
0.4392178268331689,0.45639354358786166
0.4433688755239814,0.45801948773732637
0.4535819562815779,0.46057089038416243
0.4429732388117216,0.4581692571754271
0.4440021689998168,0.45806059974912605
0.4483352225194836,0.4597119631846043
0.445051481098841,0.45861496327818024
0.4450915280317513,0.4588789888646551
0.4432552740214231,0.45806053171468847
0.4475645915930102,0.4591176291040718
0.45053292323604,0.45996802887136296
0.4528648271234454,0.4611465376902129
0.4394343723551087,0.45722554520946496
0.4554860040949822,0.461536542225656
0.4604252350715056,0.4636348388326676
0.4484791849944411,0.4601273910779271
0.4487380515618904,0.4598378248137061
0.450161863540338,0.46035070605988204
0.4501103526460875,0.4603733241654221
0.4472108717830889,0.4600222159974609
0.463487238263214,0.4643569857789285
0.4419485526387284,0.4584680720149002
0.4513079636791407,0.46168773523414297
0.4490660953323627,0.4605818480217666
0.4498543973479751,0.46086777898719095
0.4644286376337816,0.46506297823658793
0.4510245616826259,0.461258572792764
0.455112198283338,0.462455558828494
0.4496276573792051,0.4607342079851681
0.4440275370883038,0.4592728467361582
0.4626766243809506,0.4648735462931921
0.4465090273471388,0.4606972631553173
0.4533564379524071,0.4621753341879422
0.4574509000147666,0.4635310946417781
0.4470027032464594,0.4609164984600848
0.4528741831475003,0.46215871626318306
0.4567518738931285,0.46368527459366893
0.4458707582751677,0.46029302190751376
0.46659897064683,0.46655145954677874
0.4558232618797855,0.46360840999954367
0.4505801321167887,0.4623654571931148
0.4458552562708793,0.46111345152389094
0.4525237017858876,0.4630911536887977
0.4478131788988056,0.4610964388546951
0.4600176549286176,0.4650750272787623
0.4679040956865899,0.4673659324813524
0.4544555364025192,0.46357656639384565
0.4548289677105032,0.4638627073074781
0.4574339861245488,0.46451944671677836
0.453122545231862,0.4637050299085482
0.4566257681665343,0.4644593053869195
0.4525268274266075,0.4632101079514077
0.4536095755263395,0.4635313589314073
0.4537334068198379,0.46333746442673784
0.4523868212412381,0.4635238443283957
0.4596330419427661,0.4660969223859539
0.4575650728583412,0.4649222445492577
0.4487097300536622,0.4620042557197417
0.4555423247094484,0.46462151456814227
0.4609305145303156,0.46598608190580965
0.4812023384132665,0.47077483990040003
0.4537201953304121,0.46416803430550796
0.4551662120997396,0.46446559076501936
0.4555047638351843,0.46542531548731136
0.4694327319519894,0.4687544693757979
0.450798288146944,0.46374050250300375
0.4588420912556226,0.46619080921586964
0.44962195201976,0.4626202505785553
0.4624986061088859,0.4676955794219156
0.4651215335604154,0.4671765084799986
0.4553881420210808,0.4653350283476004
0.4560061801243094,0.4655286317321481
0.4701245970902411,0.469444441361601
0.4538355986156892,0.46442769351397545
0.4553409515747051,0.4651862138341827
0.4616419825389214,0.4674693262125612
0.45686872814775,0.4654938957632214
0.4638061413283014,0.46790523912745197
0.460811632078467,0.4675181036875164
0.4585661551257141,0.4665085701876886
0.4625731636240592,0.4674976749565821
0.4561155323663934,0.46582034486821866
0.4538077193631203,0.4651960658763083
0.4553266907393259,0.465895379982412
0.4595308315435377,0.466766524816307
0.4601379820780141,0.46808601347337586
0.4599240478238787,0.4676077687808364
0.4665833434728345,0.46958365675671343
0.4644420207730225,0.4695045194779838
0.4597248378317073,0.4679665674167675
0.4650210564755288,0.4690952404368495
0.4575032743596402,0.46634059141706874
0.4619262090893637,0.4683111978733139
0.4684573997655384,0.47016687408183794
0.4643913081108745,0.46943781770532816
0.4635063393280175,0.4694433587767951
0.4572391450485643,0.46669371148645955
0.4614121700862989,0.4679147317414183
0.4566766674083895,0.466021279710885
0.4783874496026632,0.4728897902677036
0.4704020429399876,0.47101026757556563
0.4699350214284354,0.470631034506982
0.458801114561855,0.46712418421419666
0.4593597347140081,0.4677106952404834
0.4701235971836877,0.4708788679630977
0.4706978705133154,0.4713014075664612
0.4617748106978575,0.46854108287195523
0.4606304409940284,0.46771217032887225
0.4929399383799976,0.47687664093592497
0.4748069895332462,0.4723887762914081
0.4660521503860671,0.47046948916599807
0.4728798631062323,0.4719167248794521
0.4610392016212424,0.46854143137421583
0.4602435826183245,0.4683162830618317
0.458750130487057,0.4679509532530872
0.4634572879868472,0.46942041189649836
0.4639232751084623,0.4695283634812917
0.4656232177811532,0.4704084762403969
0.4764307117080041,0.4729815457058384
0.4697786315516204,0.471508468416578
0.4614934688266753,0.4687461762036226
0.4622175297553887,0.4692841918248137
0.4792889281331759,0.4740911374742327
0.4593782025507308,0.46831935300895366
0.4663906349678259,0.4706231490989287
0.4691731980493102,0.471086342618852
0.4702698006928976,0.47162181775171863
0.4718919503683606,0.4721565569286442
0.4729297751822419,0.4725351697985601
0.4618396090221116,0.4688299945514165
0.475988647220293,0.4733385210311387
0.4692359386628124,0.4714845448204889
0.4661987967003197,0.4710213482639029
0.4704487970959452,0.4722458531701845
0.4662489275546603,0.4705788509809202
0.472835328929936,0.47300676684163806
0.4641556787703098,0.46995981729052244
0.468635545322577,0.47133164361806473
0.4797888571674478,0.47563083500808395
0.4645712460339494,0.47039593745473396
0.4665373650613335,0.47093624530118294
0.4709259529200265,0.472340553888983
0.4655931552306241,0.4708200751174581
0.4640882503915383,0.4700082229846763
0.4682217094931148,0.4716957190839091
0.4659991332247265,0.47106155143644096
0.4663248995262991,0.47111221267491155
0.4924522115644951,0.4782342296220354
0.4627439193197658,0.46974466141086074
0.4649777579910872,0.47053967169581556
0.470975896077751,0.4731490654505123
0.4795588476673365,0.47533921266183715
0.4750194209002396,0.4738565697975311
0.4768772985012808,0.47415617139915384
0.4691439926869736,0.47301758007779393
0.4738643632208666,0.47366723091496854
0.4878623588379575,0.4777834585062179
0.4680629061199047,0.47246076953273913
0.4713115378705698,0.47360824866212076
0.4875719869765845,0.4791497521691673
0.4721162045070583,0.47349777912577434
0.4751176701233844,0.47498488758191537
0.47004933982039,0.47351277809893666
0.472275392332992,0.4739408702856289
0.4762570282358918,0.4751660288912108
0.4736410192208179,0.4740194929538307
0.471078022352646,0.47394672648067093
0.4702721837396274,0.4741212412736042
0.4741836146096454,0.47508936879124747
0.4682038016358907,0.4728163266231113
0.479958921758696,0.4766979520558169
0.4788677560294315,0.4758113956671526
0.4666728579654432,0.4721379509614162
0.4720137406630492,0.4740340555963285
0.4711672129793453,0.4740028071148387
0.4730681212094177,0.4744313752731482
0.4867949924098865,0.47886395043417856
0.4731769331318804,0.4745743583771086
0.4727059099853405,0.47420697032084463
0.4685094670069271,0.47329992550231764
0.4728243795281188,0.47474451073494595
0.4752691195472984,0.47511440759453544
0.4728699333127857,0.47483617680209583
0.4762680694580637,0.47670021876821916
0.4820394470144835,0.4773979292586964
0.4812984546594479,0.47746019745259355
0.4673036199517447,0.4726780369963056
0.4781148939565815,0.47652583942111426
0.4779969045186643,0.4759758107591521
0.4807409997872681,0.4770537685430667
0.4735362743963445,0.475063488893796
0.4804645694770362,0.4768555911834602
0.4811203698870026,0.477807001926402
0.4768841947419963,0.4767315293535697
0.4715178631936668,0.47420937752103565
0.4755796331985171,0.4757790077035222
0.4710555498159406,0.4746399914722123
0.469114130036374,0.47336290085093297
0.4743198104125141,0.4758751775146354
0.4805017872845985,0.4771410499856916
0.4716862846528543,0.47474392604386706
0.476270176040782,0.4762803085693874
0.4699952547869064,0.47415964959999946
0.4706776810756164,0.4745547196647758
0.4772615872688321,0.47653433626765773
0.4889810282197381,0.4795008598720027
0.4785857366774988,0.47728247245196437
0.482802780149716,0.47794814336076125
0.4779835864263089,0.47742228029309874
0.4762270845766629,0.4765965623392613
0.4767868721099113,0.4772855734819109
0.4788298129402085,0.477335365604236
0.4827541183067256,0.4786281775538195
0.4732260891570597,0.47590199496246616
0.4714773173807956,0.4746402089642506
0.4751776960111705,0.47645173334144447
0.4768469699806618,0.47669311135892917
0.4738096869734437,0.4762485314179799
0.4792557935266055,0.47827247481286245
0.4762775808790988,0.4766929329943369
0.4740568072102588,0.4764779622628429
0.4807913263761964,0.47830570446815435
0.4729495055243581,0.4757779125445195
0.4805781009384962,0.4789069880101702
0.485132261815636,0.4800324192028786
0.4744821236143044,0.476426819522177
0.4735796882208023,0.476415605646844
0.4811591241314238,0.4785548347959608
0.4913758414067521,0.48178224503309036
0.4766744190724299,0.47754378312370704
0.4739634999972767,0.47629105252180715
0.4850227629700542,0.4800856803456021
0.4811519147554876,0.4796956487006752
0.4955806733096074,0.48360534504502584
0.4797597552814434,0.47855310093570175
0.477083645189657,0.47822286929677954
0.4866509830649087,0.48101339376329066
0.4804114472452933,0.47930450754687076
0.4865070855523184,0.4811061564141316
0.4871708098031023,0.48074893524648676
0.4843572962586725,0.48010640193187004
0.495176244166709,0.48441031537183354
0.4815609142666263,0.47966269467659206
0.4838438097587931,0.4801992296216773
0.4873226886469498,0.4811243897347157
0.4875282491587193,0.4811436057787007
0.4796988130241312,0.478538852139092
0.4802626604672404,0.47958428672620546
0.4837963273115889,0.47992835245376314
0.4957969195668731,0.483508971578895
0.4861311593509471,0.48097389615202274
0.4876364669977818,0.48136534872065745
0.4776999306624896,0.47872402380960866
0.4797834098200466,0.4796159401821528
0.4786751961366466,0.47860570292742055
0.4940294003004438,0.48421139190904594
0.486137977635035,0.48118765153962706
0.4842609274674883,0.4809309499458853
0.4855522776427882,0.48081698856418054
0.4793581894113231,0.4798681044766848
0.486665277658062,0.4811328410550698
0.4784615804189742,0.47921945534489463
0.4875444380094795,0.48146778337105
0.481526729906708,0.4796590365965654
0.4849208481604932,0.4818722061111824
0.4800151815259133,0.48010571903616195
0.4854757843768305,0.4814906002868543
0.478899987474977,0.4790568619094935
0.48870020022060767,0.48253636506549186
0.4808837000379979,0.4801105899966844
0.4792148925399675,0.47949556703609
0.4819317470839504,0.48007494971021847
0.4805481223572574,0.4794916225929996
0.4893978544463971,0.4826976565094981
0.4841703319596194,0.480790034242073
0.484708867783403,0.4811175862223915
0.4806381349597403,0.48047805656858467
0.487905075948923,0.48214131689664763
0.4825915726837273,0.48106862481012763
0.4801966325664351,0.4800925037686417
0.4845653315934405,0.4821967207553472
0.4917214886784103,0.4836338187819115
0.4899400498051149,0.4838000976658411
0.4936131046314137,0.4848478834293762
0.4838781410598669,0.48196364906590994
0.4884458290728616,0.48252171991158727
0.4831536030482506,0.48084166405681383
0.4857647999643535,0.4819529480457566
0.4847628724415682,0.4815961560490451
0.4846471195616423,0.4817161174153957
0.490674525114167,0.48488660822117935
0.4840202284020003,0.48171572555546105
0.4858956339463628,0.482948196950791
0.4864393982254067,0.4830914791520977
0.4850159051917695,0.482678950180126
0.4858355059681178,0.4826384793053571
0.4908259325366635,0.48386584108480213
0.4916647129732928,0.4841746164369602
0.4825281697151578,0.48125806203426236
0.4885840853916201,0.48301571443323627
0.4828338389928712,0.48119785228331613
0.4851493461611955,0.48253783701375885
0.4855264940433303,0.4823819006472342
0.4888490771248231,0.48345608074400437
0.4846391441493195,0.48163630697812654
0.4901980272791996,0.48376090107204184
0.4903283121530241,0.4838291505773078
0.4814167035705659,0.48057652005035606
0.4866972701269371,0.4827797039958354
0.4909263473704341,0.48410964454751226
0.4864708604716075,0.48280051178911576
0.483765597393624,0.48154380322143897
0.4849955410017743,0.48199854388039337
0.4871071669513783,0.4831907099881271
0.4997775181532839,0.4871101926903524
0.4893469547183723,0.48386531188173315
0.4882427378473488,0.48411833972845375
0.4860483246679533,0.48263148987162985
0.485984103903244,0.4834084820613603
0.4823529460512926,0.481637155079411
0.4901233261755891,0.4843994575117671
0.5014887254410176,0.4880002034259295
0.4849175101276041,0.48236973814249196
0.4875776582568103,0.48333068159899106
0.4997621471132755,0.48760682654915644
0.4857330436884506,0.48322650787874566
0.4856939084263936,0.48301497596795356
0.4960157738095772,0.4858240053052032
0.4874343251065592,0.483850559622013
0.4906918940782437,0.4844866452455003
0.4877257190306978,0.48309956310231483
0.4840016649291802,0.48192013771544023
0.4884844201642082,0.48362568783906573
0.4938774667590748,0.48542372744170426
0.4882208352539286,0.4837886675894696
0.4904165835315055,0.4845663628050606
0.4940144077740898,0.48589848197462665
0.4899317157450476,0.4842754196806167
0.4940575559991907,0.4857998742395256
0.4832903732683178,0.4819088795375018
0.4965256803997838,0.4869705949180261
0.4937656414385725,0.4855868588766966
0.4854042239315579,0.48356968497894043
0.4878659109474427,0.48418164015405274
0.4903992061226796,0.484910150041188
0.4908601621339604,0.4857608008562797
0.4900674658157133,0.4849338632501393
0.4850797938202183,0.48316910165196714
0.4894832329951228,0.4851505262375241
0.4911059871763481,0.48491191666169503
0.4927634895261338,0.4853456103216158
0.4893135382134701,0.4851957473054843
0.4941773108754469,0.4865846861185077
0.4903444965718282,0.4849712555825925
0.4933074820413529,0.485758966374612
0.4967579854038618,0.4873488471818827
0.4883055832894127,0.484343441486611
0.4873573222773872,0.48460146484564254
0.4892953293277076,0.48495195697202026
0.4889126168727781,0.48502116638604703
0.4873783866042815,0.4842256018343992
0.4969768465480738,0.48776144111772884
0.489506109710748,0.48470249484905764
0.4928133178802945,0.4862166749833653
0.4882779325672368,0.484559081307664
0.4960046578778033,0.4869953347104817
0.4920108664233688,0.48613766776637446
0.4888374111982373,0.4851946726757973
0.4886708685634042,0.48463608832442956
0.4907179049565349,0.4856633534695697
0.4914337153834454,0.48608937951193715
0.4940497136949422,0.4868442422592138
0.4884029237970444,0.4844651346256317
0.4937198272300573,0.48682634626582155
0.4959720682243365,0.48716707314580326
0.4912161846828824,0.4861773907349837
0.4896157397736728,0.48611174536085144
0.4957489828434899,0.48685268326875986
0.4904483968034707,0.48610062096524836
0.4875734208916734,0.48516619782847864
0.4903293097774592,0.4863320047156504
0.5019511750347017,0.48983502544203616
0.5002777670588208,0.48926380999878183
0.491132473199723,0.48636858321381055
0.4874036938455122,0.4854319875921539
0.4866470359530766,0.4850058190697353
0.4901205481586294,0.4853818844444809
0.4985317300829822,0.48866721146338593
0.4939406908642809,0.48718665016846413
0.4956835575879104,0.4875842401139145
0.4878892991889128,0.4848195906888976
0.4904869360566222,0.4862681508745087
0.4939784124005547,0.4867777865688089
0.4924705850166368,0.48648549469077035
0.4897609142951987,0.48547100286295547
0.5004537541372992,0.48928938865468147
0.4901578360919756,0.4856414866623933
0.4915439886192531,0.48671767645707464
0.489507193471715,0.4856143450092473
0.4934078726816641,0.48674390480697793
0.4934167597571451,0.48670443472132047
0.4905691417168382,0.4863604585119629
0.4952643477434547,0.4880770347790219
0.4907424151195209,0.4865549312372019
0.4908342712937521,0.487426053484989
0.4941520042477652,0.48711270146270225
0.4945475444765069,0.48751432220267105
0.4904373477373403,0.4864051711807542
0.4910533654665957,0.48688133651470583
0.4925937894543095,0.4872840313906293
0.4965000777309685,0.48826555298759067
0.4932643871909169,0.4880302751973404
0.4945766737999231,0.488048250016181
0.4908263998703609,0.48662187553899783
0.4949275111112804,0.48814977712806873
0.4913401327821366,0.4868899641361474
0.4919977281831324,0.4865737154175854
0.494975827885526,0.4879561885756404
0.4977923479845221,0.48864157070723535
0.4937133732071883,0.48775576457889575
0.4981409723981007,0.489008014139834
0.4922097718147493,0.4876327792119103
0.4959939121923957,0.48831011417801434
0.4920702114197136,0.48687751246030936
0.493414166217313,0.48781225582741083
0.4998735604411012,0.4905619735128672
0.4979437004140312,0.4888267678876137
0.4932164242999976,0.4873360636396771
0.4999406976070425,0.49025701717955233
0.4905921658128785,0.48678009003811734
0.4950712647324621,0.488159072224224
0.4958557570214923,0.4883638125039465
0.4963091675004665,0.4887476503360777
0.4970859682073298,0.4895069445984358
0.4948012310639696,0.48798661246248465
0.4930112868482142,0.4873044158603904
0.498911473559609,0.48977919788567165
0.4951962503149036,0.48853291130016646
0.4965087489825725,0.48966131015717346
0.4952169492493795,0.4884228590237997
0.492494132725773,0.48726377585029784
0.4943703759410359,0.4884521257523663
0.4945885208798467,0.48875261718036084
0.4918929085792886,0.4874683247511931
0.4940194568143877,0.4879788123564139
0.4950765158756695,0.4890549962223341
0.4964536525126019,0.4897821482682968
0.4961993947252583,0.48982860617755053
0.503467538353449,0.49186060917983754
0.4982023609447189,0.4898522554655236
0.4931946238662959,0.4882701922837836
0.4995916109964254,0.49019619225962413
0.4958348032547127,0.49013319054433857
0.4959391132915314,0.4891314492789406
0.4967086290748912,0.4897824674042723
0.4947309410645002,0.48988386761760844
0.4982571123487942,0.4898113343542386
0.4966937700391746,0.4892676224494496
0.5001662203383292,0.49158234543871693
0.5004453084781438,0.49085805096717006
0.497081353823883,0.4897883578871526
0.4986216232474385,0.4899102402729747
0.4949014290126762,0.48881226646066034
0.4954143343439366,0.4892367401483158
0.4972162994535287,0.49024339312295867
0.5070355531040304,0.4941798043646757
0.5051391658050657,0.4928099638143624
0.5143289090410985,0.5044261519533254
0.4941729656242805,0.4892862743677366
0.4965985789837173,0.48967586941104585
0.4975291056410661,0.48978058285524817
0.4987698037373879,0.49103260116922887
0.4985305454436498,0.4906911996916137
0.4979257817540831,0.4906232868700207
0.5002638182414868,0.4909614040928658
0.4958201761069189,0.48935259226327854
0.5066442684149421,0.4943186499281869
0.4936991922149768,0.4887738364835669
0.4987647568373572,0.49112881264547764
0.4995318519247097,0.4909359672335635
0.4959580357254069,0.4895098146585863
0.4974929255627841,0.49054376607229533
0.497105583440104,0.48978486018934947
0.4955076843575856,0.4894737466991019
0.4958083932478631,0.4899891027484425
0.4972243115298113,0.4902862805059275
0.4952443901341058,0.48932855581141144
0.4980984266272431,0.490977240849458
0.5026161470641067,0.4927622043370641
0.5041269750821603,0.49259291592528665
0.4984279175877612,0.49098153716727644
0.4971346492567003,0.489838937399643
0.496522435556766,0.49096859902949386
0.4985948876033752,0.49046293496122984
0.4983169783492809,0.4909772749230632
0.502383793848709,0.4925607154516453
0.4956447966821986,0.48983339074642357
0.497163301554269,0.49020527477510156
0.5044087849601143,0.4932352099048074
0.4994820351955793,0.4917702112993122
0.49756215084448713,0.4906293854849174
0.4966280959258735,0.49011068323968643
0.4971264369678889,0.4904917472599536
0.4983206305834804,0.49073825358233253
0.503079000856568,0.49285082820206355
0.5035314006842833,0.4933395217874946
0.4988211886213609,0.491689577186105
0.5022426985588144,0.49210572339882086
0.5018834886430963,0.49262777565411364
0.5010210641979477,0.4917983947467191
0.4970998776784134,0.4902966507470336
0.497535845162577,0.49123191453072024
0.503672629513659,0.4928730062154515
0.5006717412782722,0.49217152726301233
0.4980466322799451,0.49176057046154975
0.5031705937088334,0.4925348122606125
0.4974777264386805,0.4914759722836313
0.497945165961063,0.49102680403901183
0.5014343073950807,0.4924299720042725
0.5048447143054776,0.49399960111591035
0.5005853964362389,0.4918186226888027
0.4998782187908921,0.4913064120201517
0.4991368215036823,0.49157471353075033
0.4989359431406281,0.4911712972332973
0.5001766178510049,0.4925271292996817
0.4967219411950801,0.49051799089378473
0.5016536456586704,0.4924284365796511
0.5000493505296385,0.49153313799440496
0.4979006941666249,0.4914615370221642
0.5014084420614702,0.4928681510431249
0.4989157553975522,0.49106581933339416
0.5011045215405918,0.4925969931882062
0.5023769329870196,0.4930122082734351
0.5030169445462686,0.4931890291241983
0.4988842510254834,0.4919306442655952
0.4963913922927301,0.49070596498455266
0.4983936417711408,0.4912101531117455
0.504273924934415,0.49472065026471035
0.5011400594906799,0.4931223172187983
0.4986106705637845,0.49147225247420456
0.4984522409852848,0.4917807767090276
0.4977786522834245,0.49109417879406403
0.4971311036221394,0.4917727408653898
0.497011735310116,0.4913622405855734
0.4998622877489141,0.492005057919818
0.5005258186756969,0.49221867232836586
0.5159648672934524,0.5076876990896116
0.5004860363367547,0.49206172391766106
0.5011553904510838,0.4924085018217056
0.5062907645636516,0.4954147736192676
0.502722805065431,0.49354302787210425
0.4980602764706417,0.4916630503749292
0.5024341613268128,0.4931343250092976
0.4986073557572238,0.4922064029299745
0.4989189740259462,0.49255628995067535
0.5063750527764828,0.49510618109460824
0.5008950232988132,0.4937015481736818
0.4980464275972598,0.4915616659806858
0.4998378064502976,0.49233742360521904
0.5032506299433972,0.4939167057274215
0.5031200005465591,0.493611780191569
0.5072709223934374,0.4958322509483002
0.5020248993380405,0.4930722451021238
0.4987760787810376,0.49227722966314996
0.5025852936193473,0.49380549706046245
0.5038331164959549,0.49401036960997774
0.5018914094551584,0.49307200970937703
0.5046249382142439,0.49491719988924654
0.517711013197923,0.5101852845969159
0.510794508017778,0.4987779141579389
0.4993007624689121,0.49187354733207955
0.5036387056837504,0.4946890829804604
0.5029974351372075,0.49392573432482245
0.505749443591763,0.49536740619913683
0.4993518934802194,0.49232620866309873
0.4996347253262186,0.4922623895161371
0.5010532014328136,0.4932104504730796
0.5040382243991721,0.4941645737258596
0.5048119237014802,0.49438862181960835
0.5000672897832068,0.49334715399692486
0.5031934302346251,0.49463507786333816
0.5189118085888189,0.5091301820381211
0.5037240852534944,0.4942501647915954
0.5006274718349064,0.49299936002455763
0.500419017191114,0.4928621588176717
0.5042551223498598,0.49429188271024327
0.5039544468887425,0.49458130550849816
0.5023884600059983,0.49414083020387056
0.5007950321994978,0.4936105399207661
0.5001123419589845,0.49307047211619204
0.5048292797807594,0.4953475502607502
0.5039955582361374,0.49454754588125904
0.502151889670441,0.49429711654863595
0.5000477083747144,0.4931294625633517
0.5041902402429094,0.4944082022449554
0.5004337210336732,0.4932297496940993
0.504500919469967,0.49464061832187695
0.5078816758182254,0.49738908565440165
0.5023211278804487,0.4941731348539914
0.5024756950793597,0.4939982131286906
0.5040764024661809,0.49500495217502344
0.5028133076145103,0.49510479523150175
0.5063849137098102,0.49601434173324266
0.5005600632855407,0.4943261937388124
0.5031239084488404,0.4949033807660414
0.5056447350043085,0.4953514418850637
0.501875710649602,0.4944957945412159
0.5050990811092628,0.4952310142957848
0.5080489073763244,0.4968046502761053
0.5077006175150743,0.49694303243642
0.5062571387574673,0.4956160678503604
0.5037917387929683,0.4958487820468002
0.5051142206996904,0.49519013798525724
0.5037330591120786,0.49463906178390976
0.5065625301327078,0.4962891502964867
0.5018476166282143,0.49401010046096744
0.5045527305689592,0.4955307365875195
0.507757136873158,0.49738610547995105
0.5023750619333436,0.4947040137571616
0.508290856017006,0.4977541722515872
0.5039828210714672,0.49562446982369834
0.5027517746076102,0.4943548840618466
0.5023559079695382,0.49442109972552173
0.5077347745474969,0.4965329696031608
0.5071575147339628,0.4966785313843766
0.5023889431407387,0.4942374768883133
0.502745827912229,0.4942609496389875
0.50773171610035694,0.49740164096472145
0.5027483956243319,0.4957429984086671
0.5045607222081635,0.49513365490590383
0.5048313513389207,0.49627358379719044
0.5141698046453744,0.5038033523213459
0.5067098766931407,0.49720089753933355
0.5084805540612886,0.49737053669529374
0.5070382280398963,0.4967875526534456
0.5080397168943536,0.4970683717242909
0.5079538216499563,0.49712082862256984
0.5039729049463935,0.4952460502879658
0.5054984087037924,0.4958222989562663
0.5043280701171828,0.49576594106703037
0.5051103399978064,0.49584360242543646
0.5072531843618047,0.49751627940411397
0.507838907953814,0.49723242127320116
0.5040832223840143,0.4954279871510827
0.5025459818101373,0.49490550293639146
0.5049738355434482,0.4964050658998463
0.5087732634265437,0.4986759644241907
0.5064136277576525,0.4969370124186129
0.5080345274933554,0.4976575369595939
0.5055335530191157,0.4963067114415454
0.5040444087768193,0.4956527087224126
0.5082883600680654,0.4973190730987792
0.5140048778319221,0.5032983181459645
0.5082992729624091,0.49823262559932424
0.5050785553223884,0.4972531755657555
0.5047231081558967,0.49654047815198693
0.5060244177706207,0.496649707453817
0.5059824475026736,0.4964980241589595
0.5047813194627526,0.49712240466876784
0.5055692772061973,0.49713643467760416
0.5096950142754764,0.49857866855454536
0.5059183168803698,0.4968556240616653
0.5075977177344053,0.4970554958474532
0.5088658121224349,0.49861461471710966
0.5099201935481072,0.4996903011919994
0.5061197004670223,0.4966557470372892
0.5075842472184751,0.49746013929038824
0.5089564307470331,0.4986821926540194
0.5086826466962688,0.49803016358096314
0.5098365569726041,0.4986552686228063
0.5075883400489289,0.4976303571199954
0.5111689327622696,0.5001523884309144
0.5072462180730484,0.4978723513201946
0.5058058683673201,0.49628951090647677
0.5072159721464564,0.4974498254281962
0.5075988356867802,0.49822472713967453
0.5051030220565143,0.4970355123108543
0.5121315686176435,0.5015418655521082
0.5110019326782717,0.4996717506417086
0.5099705536468043,0.49921553242013555
0.5058900342502783,0.4975406569133563
0.5069269055983944,0.49738010320000803
0.506676496896558,0.496988003310041
0.506871697690382,0.4969857343709358
0.5048330629360877,0.4967096543568568
0.5047125494247618,0.4971631021711912
0.5050903131071391,0.4964677772639113
0.5043183573068166,0.49592376368292057
0.5069493963171939,0.49732406564608117
0.5130584985408319,0.5020072423342551
0.5055047498040152,0.4967905698170868
0.5060498464974755,0.4976951010206051
0.5112344160894843,0.4999770085061057
0.5084387000559961,0.49809502595294936
0.507522729919528,0.4978535261677719
0.5091178969765063,0.4992313641734339
0.5060140956418929,0.4970207652456187
0.507480243035369,0.49819114986381235
0.5131868806207128,0.5025066264119755
0.5064553191396588,0.49814703548579636
0.5074653548305741,0.4976585739678115
0.5140609945426232,0.5039440048312324
0.5108499154714332,0.49967666861946086
0.5077451483910467,0.49840609023659793
0.5089061691001604,0.4984109978499123
0.5064840575762019,0.4972472512578722
0.5095398717444121,0.49910099478448067
0.5084718656044693,0.49893163502378307
0.5087275127509991,0.4993289352492718
0.5067912933855808,0.49725769746959614
0.511836601344005,0.5006993310519647
0.5072869947944164,0.4979545197323576
0.5078880083920623,0.49819086544082436
0.5063506992866362,0.4972083316106059
0.506481666123867,0.4971015326088331
0.5070326413538708,0.4976551524235078
0.5084245988044903,0.4987836459328771
0.5060472491004339,0.4970680108508724
0.5069884565138594,0.4975263046175336
0.5060043971380351,0.4978168338976009
0.5069997712275107,0.49742811503081014
0.5070936579954378,0.4982552389753296
0.5095073309580586,0.49933189928010036
0.5145344547888131,0.5046777906438625
0.506718138755841,0.4976634121981668
0.5113851295601569,0.5002256003873302
0.5064157376297943,0.4981563319124325
0.5076721739136332,0.4982563880120891
0.5099542231595986,0.49948153711856375
0.5104312242559756,0.49959382874388336
0.5079898991500613,0.49880724419175243
0.5062624359293103,0.4974326579241252
0.5089922411756485,0.4985176323269507
0.5081260801268118,0.4985879400582047
0.5114088642012969,0.5014510401025153
0.5089985795811233,0.49907875048522343
0.5129263144803173,0.5020223758222532
0.5095545943101961,0.4999939654978012
0.5107277991445822,0.4998107460138796
0.5102058414199475,0.5000744137421145
0.5083464417511945,0.4992176735510326
0.5112455808318724,0.5004178271617178
0.5132879907517783,0.5031884002973591
0.5079164314253055,0.4986178472247465
0.5106517860348027,0.5005007763956266
0.5106740540402062,0.5002457020016392
0.5086466912297313,0.4990608994466534
0.5094689792274574,0.4998465493513549
0.5086010621512503,0.49984497960552543
0.5086693287352387,0.49912880950263705
0.5128844738522084,0.5028076931971358
0.5133199197600286,0.5026478114827857
0.5110337081937847,0.5002560295047868
0.5121736262060678,0.5024445283190676
0.5092720096134603,0.49914180965586136
0.5106173785540615,0.5010552892747429
0.5100347042294012,0.4996432730799219
0.5109748964439575,0.5006816928616511
0.5178910862592381,0.5114869178657464
0.5072072211786728,0.4985983070016776
0.5105921139668922,0.5006277131463164
0.5105749341210134,0.5005289346022372
0.5085644134050886,0.49880127869596563
0.5115861228264268,0.50094908980391
0.5088585164757812,0.49891890298931224
0.514022056583996,0.5042001326931626
0.5099850882463081,0.5005944745360043
0.5080195753740953,0.49895865164471553
0.5108132656522126,0.5003637005067493
0.5123792705788536,0.5019167820505508
0.5116404692296885,0.5007763987255665
0.5084526535319694,0.498714838002425
0.5108697745255878,0.5009675280920898
0.5096921155471585,0.499952501053773
0.5099307325660413,0.5008619551934053
0.5126362796024895,0.5017765387785018
0.5146567461664723,0.504921299182723
0.5073778322985403,0.4981038093389624
0.5085243522864629,0.49991009463621655
0.5089946673208519,0.49986588138273624
0.5085871692157491,0.49953670445987663
0.511692818226018,0.5015522156253864
0.5095220282739046,0.5001728771340918
0.50734859627463,0.4981822181367992
0.5135032762259045,0.5026147241158412
0.5104448397481465,0.5008448460667033
0.517637501831619,0.5109014029344525
0.5115067411505095,0.5008942218548611
0.5106913554836187,0.5007394332816449
0.5088643323420228,0.4997255409751802
0.5137785324587422,0.5030660520387145
0.5077503072545755,0.498706732583067
0.5120425365133977,0.501928098517842
0.5081365640922254,0.49873751108717734
0.5159910316075164,0.5065723984425272
0.5161110173520848,0.5069190844542149
0.5134876321760359,0.5037150597572863
0.5097491665783425,0.5004538516238037
0.5116014538601013,0.501181042833261
0.511920208245874,0.5013935221484622
0.5102246101042591,0.5002415816678292
0.5543436653353957,0.56783109483918
0.5438733414055709,0.5701921107034401
0.5517458771344828,0.5663881166719271
0.5526401894777636,0.5663971378710936
0.5456871445592074,0.5687482704680527
0.5497507119664687,0.5665978289722291
0.5464937232296326,0.5673911373177758
0.548300560250662,0.5665394900848927
0.5436339411170176,0.5717373746726085
0.5522692849198944,0.5665471343529187
0.5431950398198652,0.5729782624579084
0.554398575644646,0.5679356070470694
0.5499792357938504,0.5665143929130403
0.5456476892807955,0.5688013628882
0.5499076264810713,0.5669037820848674
0.5531444422195496,0.5683878388410686
0.5527534947143689,0.5671204745888444
0.548453839230967,0.5671755890736093
0.5504652242981775,0.5680573093944221
0.5515132496682993,0.5668222249114205
0.5520185891139184,0.5674035441502437
0.5533311409874628,0.5675569226521318
0.5497942201906466,0.5674081179335233
0.5525172093897911,0.5674993464835174
0.5464675420240598,0.5690813512190616
0.548840944166808,0.567377061316507
0.5535632338896532,0.5675870648383262
0.5523974375011976,0.5674880313047777
0.5522066834078716,0.5686057580607068
0.5509439932659238,0.5675050016844594
0.5498587394955092,0.5690030085294362
0.5523385842566733,0.5679694897210352
0.5492229146390686,0.5678456307158493
0.5463632852597817,0.5701906711993926
0.5524140309776461,0.5678973221431233
0.5531601176563044,0.5678292942414921
0.5481203219241497,0.5684563438985507
0.5468466868010615,0.5695445852836923
0.5552602739952147,0.5689786922504494
0.5577842789604174,0.5698536404582794
0.5543039156827148,0.5682638780568311
0.5532665797548845,0.5685004313743925
0.552235020784977,0.568129686155524
0.5564533051184883,0.5700069484286775
0.5527107624547984,0.568297781040607
0.5462736713842282,0.5706968325407252
0.5555718351949457,0.569173668871465
0.5580696814141234,0.5701116874931871
0.5559061823359319,0.5690476503879006
0.5513652768314434,0.5679709996997375
0.5562267571058932,0.5707278354764458
0.5550934302344626,0.5696632499848922
0.5570407906334138,0.5699596563940375
0.5529749173934781,0.5699290213971183
0.552543863143799,0.5683659247767038
0.5543832882789457,0.5688238882419375
0.5501982423994456,0.5690100590588919
0.5528731748957899,0.5685368703918964
0.549856534125142,0.5687746469615279
0.5486625962596511,0.5695720298967343
0.5567043522925661,0.5701672322221266
0.5541184442043785,0.5697058570908864
0.5527686266564541,0.5696828753930852
0.5546920835469333,0.5696745964402704
0.5560648232913581,0.5704494699747306
0.558183456642724,0.5711586128453551
0.5553412899648072,0.5698344353648265
0.5586292463512695,0.5713842889724653
0.5569258825675582,0.5703092008056968
0.558783822817277,0.5712207226395807
0.5563376891480059,0.5704995404597345
0.5513334698018526,0.5695734236345148
0.5575344694107828,0.571346252886604
0.5493476299592241,0.5703982143802324
0.5517535698880304,0.5699246234615968
0.5573510976326621,0.5706158565624572
0.551706753200341,0.5703772126435906
0.555805906837992,0.5712307422146241
0.5569606799791369,0.5709304480176041
0.5555376221333367,0.5706495335748272
0.5551465986136984,0.5706362551808751
0.5505085815602792,0.5708257207392968
0.5526266540121851,0.5704064253928194
0.5593138996763962,0.5727670678232525
0.556457037033364,0.5708570893377893
0.5599053768204751,0.5739713667533359
0.5583604504502627,0.5713055804066852
0.5560407485404792,0.5704704236845095
0.5565819788466518,0.5710951716282966
0.5585619036139753,0.5715845230115648
0.5558830108489623,0.5707836300978415
0.5584293149432258,0.5715984181106434
0.558907256425333,0.5719522403591383
0.5589265923954515,0.5725567137028097
0.5553677362192716,0.5707990225089534
0.5542246538322524,0.5704408266278045
0.5447663955163887,0.5773371431933844
0.5618307512952695,0.573614401007219
0.5569734818386888,0.5714233527947016
0.562736553711135,0.5746671692905214
0.5511372941098067,0.5709727799674841
0.5628404517662219,0.5750334845230337
0.5454295540466664,0.5774082143519026
0.5575855307665768,0.5715336276818765
0.5618246091288657,0.5733953891291299
0.5597242882061466,0.5733439801053261
0.5537650455540417,0.5715091093267604
0.5599342895579243,0.5732214901389926
0.556024559042416,0.5713018072041045
0.5627530954072222,0.5739515906542495
0.5622868417211134,0.5740581063528135
0.543148483487256,0.5790702648904054
0.5571717128214072,0.5716841463469584
0.5596878868357452,0.5726591041710539
0.5610320603850304,0.5734034437363578
0.5609065279577754,0.5732198396784141
0.5580263722663635,0.5724465318366627
0.5608430172515781,0.5732868800381032
0.5557202666181179,0.5719802739030305
0.5635361279609556,0.5746324416928921
0.563812861480378,0.5749500841568959
0.5579088604817796,0.5730730285719959
0.5603254295820917,0.5754538466748309
0.5646592096836472,0.575412888553981
0.5652368749169023,0.5762088692696137
0.5598821311788826,0.5734201880438807
0.5625709522422797,0.5754469993497157
0.563704604531758,0.5760805730727305
0.5610141674957729,0.5742219883363173
0.5575998613733113,0.5730822641358064
0.5606752079257726,0.5742074688106332
0.562517896920198,0.5746751206058679
0.5645886607902277,0.5766925301951172
0.5638684808825605,0.5752871586800057
0.5651429535602478,0.5764911736717478
0.5621850343259963,0.57453973114713
0.5590435013681488,0.5736786567286336
0.5595087798119242,0.5740931446697545
0.5542616616092066,0.5732721703202961
0.5599221612287196,0.5740546804521005
0.5482334262268287,0.5779823667913021
0.5573424400952789,0.5732931350886834
0.5597808536957405,0.5743951080667402
0.5545005371775575,0.5735847769175598
0.5636962595647258,0.5756778275364849
0.5604836971578485,0.5746847465520117
0.5612639071985087,0.5753000659516101
0.5593155475451146,0.5742632145865746
0.5616848907709606,0.5755816629640093
0.5476138479003745,0.5808958496265374
0.5566163417742672,0.5745449476172193
0.5630137011641847,0.5761366436535323
0.5566816781095028,0.5743014192652615
0.5656524544573014,0.5769745870429299
0.5701715030496995,0.5798596452064912
0.5666385360840892,0.5779507502233995
0.5650445111671385,0.5768072893903141
0.5547373502153645,0.5744701631039931
0.5651204506258187,0.5768775779757429
0.55957487808731865,0.5748811244643376
0.5502272958317296,0.5770495292264701
0.5700401364401961,0.5791256465846395
0.5607609275962839,0.5752987123833585
0.5653985653726157,0.5771118887551805
0.5531866244477583,0.5753859631252762
0.5690458003799141,0.5787968025266574
0.5507396287139612,0.5774048187150639
0.5658540408465182,0.5774429370255059
0.557434888479441,0.5749888147475699
0.5570393321409253,0.575122893558953
0.5687479503291153,0.5795785860954742
0.563940073239843,0.5768289505444693
0.5653991721986371,0.5784722374737407
0.5708987825716938,0.5799776617432574
0.5632781085659472,0.5765147494934586
0.5635962201635556,0.5769727307636177
0.5663789518905347,0.5781682114346977
0.5678927476802337,0.5789238109523595
0.5644648434641619,0.5769173617429336
0.5660036347829381,0.5791935778514332
0.5683649582564728,0.5788743810535997
0.5579373385518452,0.575886752500576
0.566849976180134,0.5780606470876825
0.5683500547253,0.5792834117051783
0.5656913752788827,0.5785520080426643
0.5600773627698507,0.5765490148129274
0.5644868055466292,0.5773291386152052
0.5631162335496651,0.5769738745553851
0.5635328990290707,0.57773036920926
0.5640170879489401,0.5772355333339966
0.5711895042335393,0.5807833654021958
0.5543663321095774,0.5764573609654741
0.5717910087243777,0.5807064705696733
0.5685780880644262,0.5798782019046677
0.5607629031077629,0.5779283298072142
0.5714834362662043,0.5806890453895568
0.5638350086215141,0.5793225020529521
0.5670880736628889,0.5787327977304753
0.5711421976620197,0.5805900154589225
0.5631348124266474,0.5774931318932532
0.5672763959823206,0.5791645984638442
0.5588934787965512,0.5771963488467955
0.5700130323060631,0.580356082934711
0.5728578585566917,0.5814989884457671
0.570508491072857,0.5803362090399182
0.5745725298424506,0.5823377048859273
0.5641947895494881,0.577980425299097
0.5576981859363742,0.577020429766312
0.563607567586669,0.578105879638179
0.5727078984590378,0.5817436801527005
0.5565322126734199,0.5779745608295045
0.5733023803302468,0.581985655569562
0.5730768675668055,0.5819840687160794
0.5724017975404049,0.5829770552841724
0.5422476043899485,0.5541008498916224
0.5695943821747956,0.5807088797174154
0.5673299846705866,0.5799028342403963
0.5615071655269745,0.5788615437595733
0.5489671159599354,0.5840762769790435
0.5699682716899782,0.5807226283489265
0.5743750574016171,0.5827310374483361
0.5636214895251448,0.579911697041788
0.5653800401188959,0.57998361124507
0.5786429774531519,0.5848983143331479
0.5723226576999053,0.5818497672524052
0.5617341634489991,0.5784907404203709
0.5668934677047572,0.5801406862532603
0.5719032270242265,0.5818508698557867
0.5701570470448961,0.5812771638689328
0.5757509126300232,0.5837926775905751
0.5695974300440039,0.5817879853393344
0.5650672625707396,0.5795870490020221
0.5743695715750791,0.5831192582525427
0.5724527087767873,0.5829229456584295
0.5616147735961111,0.5791139684711848
0.5596294892971477,0.5788347842653353
0.5720787976454481,0.5823190822544831
0.5631611140551637,0.5794808710396725
0.5690588724251042,0.5810144284523701
0.5713381319018948,0.5830806319256484
0.573973345462708,0.5830484602127294
0.5762986648027298,0.5846540692677551
0.563656214403756,0.5797355854265404
0.5706132707913327,0.5816590544698005
0.558324172828196,0.5791441961919235
0.56792072813726735,0.5809806367681434
0.5718640040635292,0.5826005415014112
0.569827075400769,0.5819237160390691
0.5713697462477806,0.5825324379856393
0.574860854208953,0.5839539840176037
0.5770334607075792,0.5849377960227418
0.5688219997747547,0.5816428225734288
0.577586084041417,0.5852764606245566
0.5726549380744195,0.5842592954681609
0.5719781489119838,0.5828534438820159
0.5697053920543858,0.5820772378933272
0.5637824791628371,0.5803955650620737
0.5683885259874203,0.5819074985951969
0.5697459774443958,0.5821997436356381
0.5664566441925114,0.5812087640507988
0.5761110349773694,0.5849245277738786
0.57717522580898994,0.5852584114264224
0.5705208100858999,0.5830303106504231
0.5756906940649517,0.5850183229815278
0.5802246792726925,0.586625170370743
0.5632223431157786,0.5809265532166697
0.5767090610054986,0.5856974260967837
0.5669292610603389,0.5828738517357716
0.5740010690940893,0.5845346814670674
0.5778131338236361,0.5858692017668569
0.5816786696103262,0.5878838408590239
0.5748843332689382,0.5847273518500813
0.5764189424183981,0.5866694432776316
0.5625091406860242,0.5814805088792496
0.5747228722789259,0.5845975552681721
0.5773187923319337,0.5858075499242944
0.5737484409350903,0.5842949213863827
0.5683247840712546,0.5825146944619284
0.5671100415597542,0.5828226662443594
0.5689000271812324,0.5828133619104441
0.5830277761325864,0.5883576278008278
0.5748170003390244,0.5864530798863602
0.5676702778360629,0.5825544491829269
0.5747697273055052,0.5850838638658723
0.5735270067654251,0.5850159210710812
0.5808888414405461,0.5883108530232227
0.5809832408631382,0.5878863922140736
0.5747009247725459,0.5852085180738101
0.586832200632528,0.5919773277697709
0.5815803756526422,0.5883664000345711
0.5753806415581005,0.58563132191951806
0.5739261280350116,0.5855282177747272
0.581200890187612,0.5882403025015429
0.5829087473799561,0.589535909223155
0.574995480173822,0.5856549691804316
0.567792107720297,0.5836016069247303
0.5742564152697169,0.5854585674775601
0.5799471741288722,0.5879096812093128
0.5828555266696813,0.5898469241755656
0.5722389625207078,0.5865693025834589
0.5842109147244792,0.5895589900020863
0.5838445876382479,0.5900451054175015
0.5766622531558784,0.5873476865460412
0.5820909963598592,0.5904765285769082
0.5776684008661623,0.5870788877643542
0.5807245543512742,0.5884306037204113
0.5887512132189371,0.5918350888380429
0.5859483402358658,0.5906258772960893
0.5840929265773859,0.590215669692666
0.5834464039684611,0.5904280489268812
0.5837666993829749,0.5897200980701832
0.5831542112877561,0.5905808135262066
0.5738723685598384,0.5860047777009156
0.5760961914483097,0.5882251696536249
0.581446173430648,0.5895565280648231
0.5624739820979078,0.5845931636671078
0.5868938353785309,0.5919889380789365
0.5587266138933141,0.5856964519499914
0.5796242515993998,0.5897125465927239
0.583946630102798,0.5902260755225475
0.5774215084266429,0.5877393008785037
0.5764906320654787,0.5873966461153628
0.5818894031071997,0.5896897562515011
0.5749438924083756,0.5878183000815079
0.5867629969140342,0.5915233476086014
0.5820470845384007,0.5900331199262687
0.5743882419446148,0.5870765324942633
0.5764206746856119,0.5888076735852147
0.5785431005074987,0.5889960018107159
0.5878469279439913,0.5927635007089473
0.5877840974750009,0.5938045359613056
0.5951372019701522,0.5956366714568834
0.5877868655183509,0.5937229309493295
0.5772100772044483,0.5890786874041274
0.5912154413618256,0.5942796048700074
0.5779643565569025,0.5896724777155394
0.58998423538665,0.5938351701849055
0.5729949308575323,0.5876896108464091
0.586820106542202,0.5926443601847198
0.5760299693991946,0.5886043674633089
0.5977836633367112,0.5980615591289327
0.5835867873167284,0.5912655510130399
0.581372167962489,0.5912922688588476
0.5896297983878163,0.5941502138858231
0.5624870301903745,0.5886325409997014
0.5964919003267224,0.5981425494266086
0.5907270945179669,0.5947668363717568
0.600157631197019,0.59994776536011
0.5896265538483699,0.5948136806862158
0.5862859696314898,0.5935232178751061
0.5884014306583458,0.5944293717230038
0.5989819618837754,0.5993438076848002
0.5837426369047938,0.5923707270961845
0.5991352780377965,0.5984809075208837
0.5772208704459156,0.5907556142140798
0.6015669481873801,0.6002142378453503
0.5893771151797494,0.5949522751679581
0.6002166217036051,0.5993337035928864
0.588157104701666,0.5945263160382368
0.5957172444411093,0.5974891043604044
0.5892648243191722,0.5950177235006829
0.5918561255645768,0.595920876999475
0.5837979759360807,0.5949065702811642
0.6008159057358496,0.6008385435659453
0.5823351644011849,0.5930382370380556
0.5952281478252127,0.5976347883559084
0.5844887913443119,0.5939160680465426
0.5764792102750353,0.591373092451213
0.579533023764406,0.5920661899445496
0.5977057619995839,0.5987796781784859
0.5922027794406003,0.5968843031588379
0.6013865067492488,0.6006076407799213
0.6008632825157526,0.6009054031458292
0.5798065112847577,0.5924564682225802
0.5962470501615249,0.598532575513629
0.5972231111259959,0.59887708366973
0.5818195030592531,0.5932439720554282
0.5970691486624987,0.598592704474344
0.6027131732776976,0.6012532579083854
0.5930109230540636,0.5979356258796253
0.6011774161078387,0.6004152573282866
0.5993676587385262,0.5995039439104404
0.6034148243800399,0.6022115332497274
0.5963074191655415,0.5985874619788414
0.5937306548036427,0.597645799917975
0.5934265013906217,0.5984925355454723
0.5979891437943408,0.5997511033036211
0.572213997663201,0.5923156929737157
0.6077004333065137,0.6048779063747047
0.5867959173800344,0.5958529136956401
0.5953995966033467,0.5985940464637497
0.6013139989634511,0.601079947613655
0.6049903005843448,0.6026899135340595
0.6040617931669482,0.6021914344156555
0.5965848604293491,0.6003330235571569
0.5990025394212467,0.6002609371453335
0.5990803105639394,0.6006399814950939
0.5987033073744703,0.6006879363363983
0.5950552839925282,0.5988269250671333
0.6048046452407755,0.6031183191268664
0.6109462549565262,0.6053629026144507
0.5987218644118678,0.6008108285330452
0.6042659982041794,0.6029299278834813
0.6101523564204284,0.6054695763310102
0.6013832971157721,0.602051873693172
0.5896697282236069,0.5984767323610106
0.6047964865015634,0.6037608636489546
0.608251554592809,0.6052375487379518
0.6106941005712888,0.6074918590109432
0.5810114791952752,0.5958243676353099
0.5906063020743301,0.5989684360414227
0.5892661493149789,0.5984806933776667
0.5818239053940127,0.5964573746948388
0.6001009064622352,0.6022357058512622
0.6117834912052114,0.6064309413964044
0.6163610060974691,0.608633838372294
0.6105217603505083,0.6058991328370602
0.613044419107325,0.6082663538822906
0.6146444520927911,0.6084040255621413
0.6136823448590027,0.6079771598956004
0.5963291388937291,0.600936358276603
0.5985058286541068,0.6023013710668864
0.6075438261860173,0.6052548992101452
0.6050588376128747,0.604236649757208
0.6026696545441625,0.6034527876319102
0.6019469164135531,0.6034668622598541
0.5886004542670206,0.5990668095469165
0.5722570458927908,0.5979465219237443
0.6009843918050465,0.6030232715290051
0.6087467220582765,0.6062190171265557
0.6135510016698683,0.6084302235399595
0.5874814062651208,0.5994431472202372
0.6120307675206654,0.6077770245257192
0.5936517710883601,0.601885178867846
0.6118441630218201,0.6074736614968897
0.6213457743839514,0.6119136815170888
0.6217863602258247,0.6123605067832525
0.5874359136968575,0.6007360628766416
0.6005544143650102,0.6039127171129601
0.6019340536815058,0.6043662657516649
0.6136596763410648,0.6083705970700704
0.5969435939147824,0.6027608359532167
0.6012918966876413,0.6044648228907024
0.6131273593162134,0.6089524855416574
0.6209873251311264,0.6115381784511384
0.6018682978591259,0.6051310533375674
0.6040698598279977,0.6054359612616931
0.6221816753739845,0.6124007766506923
0.6138849790456803,0.6090868159685847
0.6047422473937497,0.6061726959654454
0.6096492354465615,0.6076577207397115
0.6046632801016699,0.6072702528767904
0.603202516888009,0.6057796672713713
0.5975805593056246,0.6044431209074349
0.6041142097627136,0.6070562460952726
0.6111596902734974,0.6092096477727876
0.6001090579482896,0.6053903589391836
0.6163145704404568,0.6112996707611189
0.6160889307291829,0.6112443529706149
0.6230490100402293,0.6140406042866129
0.6009537377167222,0.6061628001907129
0.6335200237940934,0.6180478995850779
0.6308342818468458,0.6172089890633856
0.6300226535453872,0.6170972797845546
0.6155272896227169,0.6111727665967182
0.6135152549601544,0.611787481457331
0.5886646329778655,0.6038229223176423
0.6188142943657411,0.6125026923156904
0.6190982312984021,0.6131664088133392
0.6170400475019717,0.611910068618342
0.6148554353982753,0.6115260824739078
0.6215865123014012,0.6141243776196461
0.6328533867972544,0.6183752420137488
0.6289142686810028,0.6167868173089152
0.6082717840690866,0.610231018816441
0.5993716780545235,0.607145702489939
0.6187529925928025,0.6135453577444293
0.635831810159525,0.619883345747356
0.6247019994570048,0.6155567534620984
0.6252004118548021,0.6162346692489457
0.6285497083625977,0.6169903717446102
0.6300914630548522,0.6175037338836148
0.6166415119657644,0.6126003256235827
0.6164758641478709,0.6125554602018746
0.6380862242378059,0.6221372854598713
0.6054943102481354,0.6098344704401683
0.6322140843653811,0.6186342718947554
0.6197583476729661,0.6141123362468195
0.6297765832155725,0.6175315950049107
0.6077664239798859,0.6105077670225549
0.6257254414293171,0.6167180024152503
0.6449225914029952,0.6251256216332731
0.6112115373350708,0.6126215374807964
0.6247246752211347,0.6169262853686263
0.6237439801569284,0.616514328504995
0.6329385198400843,0.6199385167071445
0.629610621392566,0.6190012141466528
0.6499600105180989,0.627008911472769
0.628539755245119,0.6182475679055552
0.6305364618231407,0.6193320482711026
0.6350221898935385,0.6210264052047956
0.6369503601718246,0.6225917997591575
0.6139340845882221,0.6143286247430562
0.6284269866021698,0.6192545091981158
0.6048575462668878,0.6123619466964456
0.6387420241433275,0.6231263771714037
0.6193778382407852,0.6165420456687462
0.6399185644823696,0.6231294849879009
0.6320705197472849,0.6205754883112403
0.6100827308255082,0.614300357510267
0.6387792450356464,0.6236660240778102
0.6514246341578865,0.6281021380870162
0.6422573291171553,0.6245612083681487
0.6328611587020981,0.6215471685050415
0.6293852635591975,0.6206836112086513
0.6279243788367036,0.6199516182844037
0.6205292180397703,0.6181846012122731
0.6361867920979957,0.6226630646520771
0.6429493616784342,0.625576720016009
0.6388840886411038,0.6235804659731689
0.6532808713579936,0.6296643870806852
0.6505772264823927,0.6286655378661039
0.6181483443367226,0.6183995236670519
0.6602965269693566,0.6329766568738648
0.6523014775656748,0.6296616044780975
0.6478049001678751,0.6276457377609352
0.6272670888458259,0.6215371527134723
0.6614936298629523,0.6332808180499193
0.6390948768823499,0.6250947691194522
0.6285502085114534,0.6235703924790406
0.6564801926996071,0.6317653765365671
0.6389624181420817,0.6255907876412473
0.6411236684768804,0.6269109752972613
0.636976090774905,0.6250617608307343
0.6496756997793869,0.6296242453734011
0.6528803378189737,0.6308582019423603
0.6522334447728235,0.6306509159324932
0.6681012613670932,0.6368977580042705
0.6583113966417716,0.6331462716183789
0.6489943490467984,0.6303773219799013
0.6598798587980712,0.634173430177655
0.6427379966503699,0.6285868842287367
0.6484865832523814,0.6305530101860609
0.6595063718236339,0.6343219159608543
0.641180234138506,0.629070946258397
0.6665461427131688,0.6367562879452943
0.651028720398972,0.63182896695118
0.656354414052255,0.6336753482837771
0.6439755566948122,0.6297404619218514
0.6574851703309076,0.6344573110575347
0.6634536717840565,0.6359882771528593
0.66943912108351,0.6385400528425884
0.6645048697074956,0.6366693910278169
0.6768832047816987,0.6415532335507048
0.6579377789860424,0.6349250612956865
0.6728574949010763,0.6399852805402839
0.6674796772594703,0.6384514118378641
0.6625647394041847,0.6371774594001068
0.6776584794104834,0.6428255650056315
0.6663954036298546,0.6385174382517775
0.6528187894744161,0.6347182093405854
0.6744874464771742,0.6420575044074653
0.6956509451446171,0.6503646975834017
0.6628335786181684,0.6383090137425802
0.6659655160167575,0.6394870882396638
0.6610752157850222,0.6382898916344105
0.6983417092454284,0.6514617766913473
0.6671648344534824,0.6406339562618173
0.693374644366489,0.6497241255786825
0.6947181301736233,0.6508459108900737
0.674910406382505,0.6437299600837207
0.6917029600904447,0.6495270715328232
0.6630185034986606,0.641070129944303
0.7001304812018676,0.6527360022191447
0.6926636586537276,0.6503307401008634
0.6670104950527744,0.6424032063771566
0.6714626466426448,0.6432005125999337
0.6978141667271788,0.6521970430394389
0.6914284160434238,0.6502354679598584
0.6739671992835605,0.6444203849930681
0.7138580314074646,0.6589070412576041
0.6774897365732463,0.6464877960840838
0.6713372315839381,0.6445523970389516
0.6742091044761038,0.6450781339846219
0.6951657515829739,0.6521306924379668
0.6909593628707389,0.6508318959644761
0.6844144863871409,0.6498292730613485
0.6995127226667175,0.6545762069810136
0.7133351199086526,0.6594455101594865
0.7212544317905697,0.6624161029598288
0.6860054176479521,0.6500358067356928
0.6995238021314083,0.6546069189334525
0.7093628193523158,0.6584893106398955
0.713895404136148,0.6611284063821204
0.6765461002411597,0.6507031641913253
0.6969266208496762,0.6559856367639814
0.698026757009107,0.6563003490122038
0.7180699376281963,0.6631659853164465
0.7132789264435937,0.6617738650205797
0.718987882671792,0.663506048442578
0.7109386756499785,0.661269368239931
0.7125863089424253,0.6615997059799933
0.7287450854157984,0.6671635839009724
0.710033241056512,0.6618216367585156
0.721494658219853,0.6656550033865644
0.723909896651537,0.6658822219519764
0.7401094511839704,0.6720497809780897
0.7172025975681848,0.6646174060914607
0.743063348197534,0.6732557317944542
0.7148190869148292,0.6636358585438746
0.7093979172611629,0.6628703833904406
0.7365860350573243,0.6711536881314045
0.7529506276441624,0.677599803404303
0.7486788232627033,0.6757719558235289
0.75113127393207,0.6769190644312859
0.7395273448220221,0.6729866059358858
0.7229572324049651,0.6685224044991309
0.7499331870654768,0.6768481360342875
0.6861930951612488,0.6591190650075629
0.7693001894019718,0.6845664389273508
0.7444573118995284,0.6758755888603282
0.7542372414309461,0.6787003571743744
0.7217375966849406,0.6687284729718064
0.7381844477619137,0.6738186460160256
0.7327045107291207,0.6723477369658423
0.7462463314122343,0.6767271093027964
0.7530473173952756,0.6794732435860943
0.7273031158068347,0.6724683264378617
0.7379849789453093,0.6763078596261077
0.7415553162113563,0.6793398839601071
0.7935566610256235,0.6956981081985829
0.8134966226444897,0.7041558038093303
0.7787016196723915,0.6929118220449767
0.8005120261667434,0.7000981891623362
0.8102430418707918,0.7036073797679292
0.8014388270033252,0.7028580590122344
0.8584387935304959,0.7230664269678618
0.8550509186005979,0.7218951035487357
0.7957362151438547,0.7054312925959723
0.8371002928962882,0.7178753767350669
0.8053492368670746,0.7110300636016431
0.8900276032526768,0.7367354334995792
0.9135882081217105,0.7475263604887481
1,0.7794225104340362
